NXKG 4856939,Reefer
SRNP 5923434,Reefer
DABH 2494262,General Purpose
JAME 5965522,Dangerous Goods
TXRT 5975259,Reefer
JFZU 2537643,Reefer
NAFS 2456552,General Purpose
DYWW 4348925,Reefer
BPPY 5953247,General Purpose
QTKM 5723739,General Purpose
JWQU 3975256,General Purpose
NMNP 9564765,Dangerous Goods
TQTD 6398429,Reefer
KTFX 5562783,Dangerous Goods
GCHV 8432692,Dangerous Goods
EFQV 8269348,Reefer
TQDU 8258379,General Purpose
HDTR 8772525,General Purpose
GQKM 3394428,Dangerous Goods
PQHH 7872742,Reefer
CSSS 9773645,Dangerous Goods
EUJE 4766232,Reefer
RNXU 3939876,General Purpose
ZDJJ 7655826,General Purpose
YGWH 8736743,Dangerous Goods
JQUJ 2924835,General Purpose
GHAU 7377588,Dangerous Goods
XBYY 9237899,General Purpose
SXQF 8522235,General Purpose
MCXL 4438288,Dangerous Goods
MJNV 7428374,Reefer
VKLN 6264944,Reefer
SGRH 7957825,Reefer
MDYY 6265634,Reefer
GYKA 9332773,Dangerous Goods
SQDV 6752424,Dangerous Goods
HRNL 4457982,General Purpose
JQEY 2358298,General Purpose
QFSL 9557897,Reefer
DVCD 6684992,Dangerous Goods
GGHQ 8772262,Dangerous Goods
KQFB 2593998,Reefer
GQMX 3793539,General Purpose
EQEK 5896284,Dangerous Goods
DPYM 3453776,General Purpose
MXWE 5325824,Dangerous Goods
TAGD 5276879,General Purpose
FMYB 5639746,Reefer
NEZQ 7433225,Reefer
MRNX 6858793,General Purpose
DESQ 4686237,General Purpose
YMXW 9644976,Dangerous Goods
TKJH 8667954,Reefer
FYLU 9479575,Dangerous Goods
AZUQ 3392353,General Purpose
JMPF 5223852,General Purpose
NZEA 3599269,Dangerous Goods
TVMZ 7773946,Dangerous Goods
SSTD 3325543,Dangerous Goods
EBJD 3779377,Dangerous Goods
BQVT 7725536,Dangerous Goods
HLUZ 4379855,Reefer
FSFY 8353284,Reefer
ATNR 9754952,Reefer
HAZH 4396885,Dangerous Goods
PYEZ 9967274,General Purpose
CUJQ 4257576,General Purpose
MKWE 2762299,General Purpose
XLVQ 7632332,Dangerous Goods
NZZB 2274638,Reefer
ALHR 2337277,Dangerous Goods
UTVR 6658353,Dangerous Goods
QHVB 7869873,General Purpose
NCMU 2386575,Reefer
YZUR 4495636,Dangerous Goods
ZLSG 8727776,Reefer
MEDK 2422973,Dangerous Goods
STVB 8523999,Dangerous Goods
NZPE 6585849,General Purpose
WXND 7379935,General Purpose
YFNP 6975526,Reefer
RPZU 3729398,General Purpose
UFHH 9784472,Dangerous Goods
EYBP 2577252,General Purpose
QQWZ 7483976,General Purpose
KYLH 4869233,Reefer
QMGA 4338377,Reefer
RWHF 2884995,Reefer
DGZX 4277984,General Purpose
ZGML 4566295,Dangerous Goods
EFKJ 2846976,General Purpose
WNEJ 2457686,Reefer
QALS 7325662,Dangerous Goods
VUAF 5227677,Reefer
NNEX 4387234,General Purpose
MXZB 7758473,Reefer
KSRE 7533348,Reefer
XJQZ 4962652,Reefer
PNSU 6283425,General Purpose
STRE 7446958,Reefer
ACZX 6989294,General Purpose
SXFP 8897967,General Purpose
ANHH 4383883,General Purpose
GJKM 3997623,Reefer
VVUM 4899667,General Purpose
TNAK 9658237,General Purpose
NZQY 6977293,Dangerous Goods
PCGJ 7398852,Dangerous Goods
NBHR 4854338,Dangerous Goods
NYSE 3544457,General Purpose
GHZA 9342463,Dangerous Goods
ASDG 9367563,General Purpose
YRTV 7837354,General Purpose
GCLG 2922682,Reefer
ZPWX 7988397,Reefer
HEJB 4543964,Dangerous Goods
KUUQ 8869243,Dangerous Goods
XTEP 5376397,General Purpose
SXHK 6486543,General Purpose
MXLU 2679763,Dangerous Goods
JTBF 8956325,General Purpose
PSUK 3873227,Reefer
NZSU 4469952,General Purpose
SLXJ 3997324,Reefer
YFCW 9843846,Dangerous Goods
LCGT 9838959,Reefer
JJTU 7855758,General Purpose
LWTM 3969267,Dangerous Goods
HKKV 8952575,Reefer
KZBN 7474435,Reefer
HKKC 8296666,Dangerous Goods
NSQY 3492454,General Purpose
HUTJ 7937738,Reefer
ZJDT 5422339,Dangerous Goods
LRLV 3237798,Reefer
RKPS 7586259,General Purpose
PBYD 7777794,Dangerous Goods
ZTFJ 8284453,Dangerous Goods
ALGU 4327353,General Purpose
HZPB 7768752,Dangerous Goods
PDLR 8775449,Dangerous Goods
MAWQ 4242473,Reefer
VATU 5964738,Dangerous Goods
MGLX 4327586,Reefer
KZBH 9886774,General Purpose
CVPK 6732266,General Purpose
GVEX 7784999,General Purpose
ZQUX 7463834,Dangerous Goods
YPUQ 4745684,General Purpose
LVGL 2645985,Dangerous Goods
TQSS 6656267,General Purpose
ECET 7483863,General Purpose
DEES 5797867,Dangerous Goods
GEZB 8255825,Dangerous Goods
RMEK 8574638,Reefer
BMDY 7982645,General Purpose
KHJF 2292793,Reefer
KZNC 5782898,Reefer
RQLP 4743382,General Purpose
FRNE 3363493,Reefer
XEDQ 4422698,General Purpose
UQTP 8956544,Dangerous Goods
EGBJ 9422449,Dangerous Goods
VCLW 9699754,Dangerous Goods
XCLH 5984797,Dangerous Goods
HQTC 7893462,Dangerous Goods
PMEC 9385689,General Purpose
LURL 9536946,Reefer
HVJK 6826338,General Purpose
QJUQ 8325596,Dangerous Goods
HADA 8435672,Dangerous Goods
WGJX 6444877,Reefer
DKPE 5262656,Dangerous Goods
GEBB 3833473,General Purpose
DMPH 7248933,General Purpose
QJXT 7776994,Reefer
BGRF 3652295,Reefer
EXNR 8293893,Reefer
TUCU 8245773,Dangerous Goods
BQJU 6326929,Dangerous Goods
MHBT 8763393,General Purpose
GEBV 7288323,Dangerous Goods
RZHP 7475989,Dangerous Goods
MMDG 9958652,Dangerous Goods
JCUA 9835885,Dangerous Goods
GMRM 3559858,General Purpose
PMVC 2329594,Reefer
QBUV 5635733,General Purpose
DYHG 7864579,Reefer
ZMLP 6984468,Reefer
WPYR 8769455,General Purpose
KJFY 2633384,Reefer
XUSA 6952764,General Purpose
LTWU 8463866,General Purpose
KUZD 9586588,General Purpose
BNLN 8446643,Dangerous Goods
ZMUT 8493268,Reefer
ZEXM 4585669,Reefer
VDSK 7693463,Reefer
NUMW 3847846,General Purpose
FECM 6266226,Reefer
PFCV 2389862,Reefer
NYJR 4754485,General Purpose
WLAX 9878569,General Purpose
YCZK 4438329,Dangerous Goods
HXYP 5432584,General Purpose
PMLT 6329595,Reefer
RLKY 2768926,General Purpose
GYWM 5246242,Reefer
QMMH 5833784,General Purpose
YWUE 3973333,Reefer
GFHU 7768547,General Purpose
KBDN 9875466,General Purpose
RCRW 9276478,General Purpose
GESQ 2398934,Dangerous Goods
UZTL 3697838,General Purpose
GAHX 3589888,Reefer
TVDW 4322675,Dangerous Goods
NTBK 7487767,Dangerous Goods
CEMK 3736435,Dangerous Goods
WNPY 5685263,Reefer
UVXP 3338734,Reefer
VGWK 2753255,Dangerous Goods
MTVE 7492384,Reefer
BUAT 4855358,Dangerous Goods
BVEQ 5872393,General Purpose
DAYC 4965756,Dangerous Goods
GLGE 4298672,General Purpose
KKTP 5999323,General Purpose
QWFL 3949582,Dangerous Goods
BKPN 4687365,Dangerous Goods
JQAK 3975466,Dangerous Goods
ENLC 3557626,General Purpose
HELJ 3238439,General Purpose
EWAS 4786548,General Purpose
GTVF 4433455,Dangerous Goods
MAVE 8477934,Reefer
LRSA 3232598,Dangerous Goods
TVTB 2897468,Dangerous Goods
KXKS 3576438,Dangerous Goods
EHUZ 8559276,Reefer
ZVMR 3663555,Dangerous Goods
ATET 5523882,Reefer
JEDU 9728948,General Purpose
MLTR 6644676,General Purpose
NZEU 7596449,Reefer
LZMC 2487634,Dangerous Goods
XWMS 6646572,Reefer
VCHA 2528899,Dangerous Goods
FKWX 6456474,Dangerous Goods
UPPU 9482524,General Purpose
MZLJ 2375355,Reefer
ELNG 7988476,General Purpose
ZWLP 6963567,General Purpose
LJEN 9549897,Dangerous Goods
JNGD 7784688,General Purpose
WPTM 9396427,General Purpose
VPNY 6657696,General Purpose
UHXC 3825635,Dangerous Goods
BHZY 3655752,Reefer
SJVY 2746726,General Purpose
FCWJ 7742635,Reefer
CMME 7423375,General Purpose
FTKJ 9238336,Reefer
DXZP 7243259,General Purpose
SJNX 4529327,General Purpose
NCRE 6392873,General Purpose
HZAL 6679897,General Purpose
VZYK 7587477,Reefer
VUVA 5429742,General Purpose
HCBJ 7386744,Reefer
KJUC 3384362,Dangerous Goods
MURV 2972538,Reefer
DYUU 3343759,Reefer
NULX 4479593,Dangerous Goods
YGPT 5987239,Dangerous Goods
TBRJ 6272875,Reefer
RTHC 3747947,General Purpose
MNUK 8249789,General Purpose
AQVC 3686547,General Purpose
UZCH 7726282,Dangerous Goods
RCMC 4736444,Dangerous Goods
VMUF 4389426,General Purpose
BXQC 2795268,Dangerous Goods
VZGK 8327774,General Purpose
LZSP 3579539,Dangerous Goods
REHB 6797484,General Purpose
CTRU 4237838,Reefer
MFMM 2493898,General Purpose
YPXS 3836969,Reefer
MSHL 7863843,Reefer
ELGJ 8866792,Reefer
FTYJ 9278736,Reefer
ERMU 5286788,Dangerous Goods
QLRA 2727533,Dangerous Goods
ZAMY 9865666,General Purpose
MGSC 7432268,Reefer
EXJS 3252684,Reefer
GTJJ 3224636,General Purpose
KLSB 3795458,Reefer
TJZV 2997499,Dangerous Goods
HSHK 6736799,Reefer
BQKF 5454955,Reefer
BNTU 8829784,Dangerous Goods
FGBK 5767273,Dangerous Goods
SUEV 7677375,General Purpose
NNJX 5898858,General Purpose
PQRF 2323526,Dangerous Goods
UVQN 7825577,General Purpose
YFRT 5348758,General Purpose
NUTS 6862829,Reefer
NLFJ 6496446,Reefer
EYKS 6826494,General Purpose
MREA 6354372,General Purpose
UMXJ 9752953,General Purpose
XJCS 2867543,Reefer
VMVE 9427337,General Purpose
GFJA 3529389,Reefer
VFJM 8836363,Reefer
BHYY 4272262,Reefer
FNYS 9656659,Reefer
NNHC 7599457,Reefer
SBWH 2857353,General Purpose
FYNC 6627468,Dangerous Goods
HFBM 8988556,Dangerous Goods
XTPE 2966482,Dangerous Goods
HYPF 7794253,Dangerous Goods
EPHE 9854846,General Purpose
LWRP 7645497,Dangerous Goods
QZXU 7479546,Dangerous Goods
KDVA 5233632,General Purpose
GJJX 6495392,General Purpose
UUNJ 9525545,General Purpose
WHAN 8366558,General Purpose
DQFT 4797756,General Purpose
YHVY 7569996,Dangerous Goods
HHST 6558894,General Purpose
DJVH 3255389,Reefer
LYFC 7523339,Dangerous Goods
NZZU 5882268,Reefer
LKCG 3452899,Reefer
ZTKR 5974832,Dangerous Goods
BMCF 5524857,Dangerous Goods
WVYL 9459825,Reefer
MWUN 4494677,Reefer
BWJZ 2385432,General Purpose
YCLE 5757486,Reefer
TALL 2236469,General Purpose
MPAC 4579232,Dangerous Goods
ZQBU 6384237,Dangerous Goods
GECN 5798958,Reefer
EWKB 9397767,General Purpose
ZRDB 2365848,Reefer
PJNL 2629876,General Purpose
KDAH 4996386,General Purpose
YYRQ 2446552,General Purpose
RPFC 2236358,Dangerous Goods
BKWJ 2259659,Reefer
HWQW 9899634,Reefer
LUPL 8323884,Dangerous Goods
ECKP 9496663,Reefer
QPLU 2225535,General Purpose
TVCG 7974655,Dangerous Goods
KPYB 8369228,General Purpose
MUJH 7726462,Dangerous Goods
BVYR 8473639,Reefer
EUSK 6385536,General Purpose
LTMM 6739834,Reefer
UTQR 4556289,Dangerous Goods
PXUT 8468256,Dangerous Goods
NRYW 8844233,General Purpose
KFVQ 9686898,General Purpose
GYMT 7428894,Reefer
WEEG 5643333,Dangerous Goods
BSGY 5972636,General Purpose
SHPG 8533533,Dangerous Goods
QVEY 2768623,General Purpose
DWVL 5599288,General Purpose
QWPR 8459628,Dangerous Goods
GEBZ 2293676,General Purpose
QPSY 6287698,General Purpose
MLRQ 2227424,Dangerous Goods
DZXJ 5467339,Dangerous Goods
HBFP 2554948,General Purpose
CWWJ 7642447,Dangerous Goods
STWF 7329653,Reefer
XYAC 6862982,Dangerous Goods
MJGB 7556394,General Purpose
DTGE 7588896,General Purpose
NZGQ 3667486,Dangerous Goods
BWCU 5444597,General Purpose
LBVW 2533264,Reefer
UYRY 4558725,General Purpose
JWCA 8688787,Reefer
TLZA 2362767,Dangerous Goods
BYLK 9828526,Dangerous Goods
RUVX 9493676,Dangerous Goods
XXSP 7474899,Dangerous Goods
QJFD 7536348,Dangerous Goods
YCYB 3744746,Dangerous Goods
DGXU 7779442,General Purpose
EVSA 7282347,Dangerous Goods
SVFD 7482288,Reefer
VHLV 9455555,General Purpose
PAGL 2596574,Reefer
YJWT 5582575,Dangerous Goods
RYFS 7486395,General Purpose
NAWH 7485596,General Purpose
DGRC 6625248,Reefer
XQSJ 2936989,General Purpose
KPMV 4635267,Reefer
UHUS 9784445,Reefer
FMWU 3223865,Reefer
TMBW 6455899,General Purpose
VKAH 3779928,General Purpose
FTYM 7952399,General Purpose
ZLHM 7623876,Dangerous Goods
SLXP 9346853,Reefer
UJSY 3554289,Reefer
EHEK 6448982,Dangerous Goods
VDXG 4864984,General Purpose
GRBN 8327778,Dangerous Goods
DLAZ 5893288,General Purpose
PEPR 8854262,Dangerous Goods
AETV 5999745,Reefer
FTBF 4877775,Reefer
VSFK 9787253,Reefer
RVDS 9497223,Reefer
VUMV 3885434,Dangerous Goods
KTLM 6434389,General Purpose
PTEU 8292836,General Purpose
VYLB 3276746,General Purpose
LVTS 5279855,Reefer
VMXR 8286636,Dangerous Goods
FGFP 7647835,Reefer
JLWT 6252565,Dangerous Goods
JAHF 2685764,General Purpose
NQPH 2643254,Dangerous Goods
PXWS 6965366,Reefer
NBFC 3457559,General Purpose
WJYQ 6878778,Reefer
EDTD 9839543,Dangerous Goods
HRES 8995747,Reefer
TRZX 3667395,Reefer
KFEU 7987835,Dangerous Goods
CPWX 7585624,Reefer
DTLG 6423493,Reefer
BPUM 7673358,Dangerous Goods
KSQK 5528287,Reefer
TMGX 6655983,Reefer
CLAG 5489874,General Purpose
QEQX 5537773,General Purpose
HMFB 4727345,Dangerous Goods
GHBZ 9956245,General Purpose
QTJQ 4532545,General Purpose
ZEXF 8673422,General Purpose
HCHL 6858834,Reefer
SGHP 7295969,Reefer
VHBV 3777279,Dangerous Goods
HMZY 6497928,Reefer
RKAH 2569833,Reefer
AGPB 9558767,Reefer
ABLP 2375658,Reefer
XAPQ 2542276,Dangerous Goods
JLVD 6527265,Dangerous Goods
UESA 7255768,Reefer
XBEE 5636328,Dangerous Goods
XNAA 8982292,General Purpose
HWTM 9792755,General Purpose
MEKT 8977498,Reefer
XSHA 6994938,General Purpose
VWUA 6477673,Reefer
QJWV 3748853,General Purpose
WCEV 8569827,Reefer
RFNQ 4469653,General Purpose
ZLJJ 5845793,Reefer
YZWP 8286647,Reefer
WTNQ 8232756,Reefer
MXUP 9734954,General Purpose
PYPL 9247529,Reefer
BGHF 4528496,Dangerous Goods
FQXL 4623789,General Purpose
BYKP 2532587,Dangerous Goods
TKAS 7734747,Dangerous Goods
ALTR 2962939,General Purpose
WGWD 9778889,Dangerous Goods
MCPP 4349637,Dangerous Goods
KPVC 9539747,General Purpose
GWBL 4579862,General Purpose
URSU 5868825,Dangerous Goods
JTAD 6264394,Reefer
ERJR 2667572,General Purpose
YMGG 6425736,Reefer
HEPN 6674278,Reefer
WVMQ 4356232,Reefer
VMFG 3554473,Reefer
CRCW 7668799,Reefer
KLAJ 4429394,Reefer
VBJB 6944462,General Purpose
MVNY 7685272,Dangerous Goods
JYKV 4759649,General Purpose
TRUC 8875249,Dangerous Goods
YQDP 3994897,General Purpose
NFWJ 4598696,General Purpose
RZXE 2647984,Reefer
AJFP 7936996,Reefer
PVJT 8246672,General Purpose
CKNN 3664388,Reefer
JGLN 6489697,Dangerous Goods
CKFJ 4384923,Reefer
TJJH 3642267,Dangerous Goods
UVVE 9952699,Dangerous Goods
DEJQ 8837946,Dangerous Goods
AHUF 4739948,Reefer
QZLV 7852944,Reefer
CHPZ 4782437,Dangerous Goods
PKEJ 9992567,General Purpose
ZURR 8532552,Reefer
BXNL 2965255,Reefer
YALR 5958789,General Purpose
FWMB 9425559,Reefer
JTUQ 7228576,Reefer
CVBG 9277664,Dangerous Goods
TMBT 6258952,Dangerous Goods
QBZQ 3454386,Dangerous Goods
NSEY 8463859,Reefer
ZZYA 6944464,Reefer
ZCBQ 6897383,General Purpose
BLPT 9685756,Dangerous Goods
CMEV 8278474,Reefer
MVRL 4693359,Dangerous Goods
NGTD 9839724,General Purpose
SCWD 8333262,General Purpose
RALR 9958579,Dangerous Goods
YQKH 9423986,General Purpose
MSDL 8738266,Dangerous Goods
QPNR 9439773,Dangerous Goods
BERL 4997769,General Purpose
SBDC 9664266,General Purpose
UUVN 9576472,Reefer
LRTS 6777538,Dangerous Goods
HUHH 5494276,Dangerous Goods
VXFZ 4659358,Dangerous Goods
AQEC 9823278,Dangerous Goods
LFEH 7666797,General Purpose
GHNQ 6246682,General Purpose
TXLJ 2995584,Reefer
KCSH 9868598,Reefer
MRXK 2636824,Reefer
ETTD 9998454,Dangerous Goods
KJCP 3246997,Dangerous Goods
FZTQ 3844844,Dangerous Goods
DJEC 7753849,Reefer
UBTH 8324333,Reefer
QPZN 6396622,Reefer
ZTWM 8643353,Dangerous Goods
GNSG 8692526,Reefer
ZWHW 5368462,Dangerous Goods
JRFP 5983337,Dangerous Goods
GCTC 9233867,General Purpose
KXFJ 6622477,General Purpose
MJMN 9393993,Dangerous Goods
PCGC 4426694,General Purpose
KPYF 6282528,General Purpose
HZBW 7323639,Dangerous Goods
BRXL 9729775,Reefer
PHJX 9787336,Reefer
LXXS 5375878,Reefer
JGSB 7849376,Reefer
GGMG 4723298,Dangerous Goods
RGJU 3568745,General Purpose
CFVA 4366354,Dangerous Goods
XLNU 8383772,Reefer
XCLR 7839365,Dangerous Goods
DMCN 9663483,Dangerous Goods
CHPM 3226853,General Purpose
ETPA 9586297,Dangerous Goods
AXHD 2356978,Reefer
HLUT 6937993,General Purpose
TKXU 9227486,Dangerous Goods
SVUX 9459266,General Purpose
VCFQ 4855324,Reefer
PQBU 8359284,Dangerous Goods
GHDS 2483747,Dangerous Goods
HJCZ 4882763,Dangerous Goods
CGXZ 2754842,Reefer
MCZX 2763558,Dangerous Goods
BKWG 7853722,Dangerous Goods
QSJT 6492545,Dangerous Goods
RXFJ 4995264,Reefer
JSEZ 8978375,General Purpose
AANJ 7987854,General Purpose
BLQN 6645783,Dangerous Goods
VLVA 2238222,General Purpose
NUHE 9759322,Dangerous Goods
RYEQ 5365888,General Purpose
CZNM 3339645,Reefer
RYZM 9459785,General Purpose
ZZFM 7465937,Dangerous Goods
FYCS 7938296,General Purpose
JNNH 5592476,Dangerous Goods
RALE 8566567,Reefer
MZXQ 5834674,Reefer
UMBU 8326567,General Purpose
VBAH 7675382,Reefer
HKUD 3325765,General Purpose
GQLX 8526374,Dangerous Goods
VTSJ 5559627,Reefer
HKTY 9228686,Reefer
HPDY 7938254,Reefer
QGFK 2424976,Dangerous Goods
EHJA 6269492,Reefer
RZWV 6229742,General Purpose
GFXD 4654724,Dangerous Goods
GHDL 4862675,General Purpose
FYXH 8382989,General Purpose
CLMN 4698737,Reefer
RJPP 6559396,General Purpose
KVDT 4262269,Reefer
JLHZ 2467898,Dangerous Goods
KUGU 6253254,Reefer
PBDT 3536862,Reefer
EMJN 5988699,General Purpose
CTLF 7833653,Dangerous Goods
XEGC 8855677,General Purpose
MSQW 2537722,Reefer
HGJF 8423265,Reefer
PKEY 4338655,General Purpose
QKHW 7835742,Dangerous Goods
XNFH 2542738,Reefer
KPDH 6555446,Dangerous Goods
ETXU 6439385,Dangerous Goods
KSZV 9265883,General Purpose
ZGPR 2869525,Reefer
VFRU 3322545,Reefer
TBFV 6924296,Reefer
JNYU 6494939,Reefer
VQZY 5342899,General Purpose
XLMJ 6784477,Reefer
MGPP 9543944,Reefer
JMMM 4789272,General Purpose
LVVT 4833837,Reefer
JUTZ 2264488,General Purpose
TNDY 6454832,General Purpose
QQED 5332627,Dangerous Goods
ZJTZ 4585223,Reefer
MRYC 5349993,Reefer
BPTZ 6537857,Dangerous Goods
QDRF 5346762,General Purpose
YPCP 2964376,General Purpose
NAFX 7293433,General Purpose
WNNH 7952363,General Purpose
DYEB 4777485,Dangerous Goods
ZNBS 3925499,Reefer
CMJN 6955928,General Purpose
UZZH 4626546,General Purpose
KYLU 2242625,General Purpose
RVDZ 4983975,Dangerous Goods
HJYQ 6633497,General Purpose
PTHS 2883736,Reefer
UTPM 4852242,Dangerous Goods
FEZU 9869762,Dangerous Goods
CMZG 4379483,General Purpose
HZHK 6745227,Dangerous Goods
PUJW 7276228,Dangerous Goods
KGXZ 2554738,Dangerous Goods
KVAR 3634367,Dangerous Goods
RGQK 7378684,Reefer
VMGK 5995588,Reefer
PVPY 5673788,Reefer
SKDE 5566362,Dangerous Goods
CRXV 3499578,Dangerous Goods
AJPE 6744364,Dangerous Goods
TLEC 2795423,General Purpose
TPXS 6964676,Reefer
FLCP 7967728,Dangerous Goods
AZNA 7234883,Reefer
PJPX 6947428,Dangerous Goods
RTUP 5763882,General Purpose
FNAY 2248625,General Purpose
JYNQ 7896499,Reefer
TNHW 7894292,General Purpose
FCJR 4349436,General Purpose
LUAK 5622434,Reefer
DZJL 9385493,Dangerous Goods
QNPY 5354654,Dangerous Goods
XUMT 4734625,Dangerous Goods
MHWA 4537376,General Purpose
EJFD 3375383,Dangerous Goods
XTEV 5385389,Reefer
WZWQ 8597892,General Purpose
VKSA 6866733,General Purpose
MGDZ 5558535,General Purpose
LTNE 2323559,Reefer
KSGH 3457389,Reefer
UJHM 2477886,Reefer
HCWA 4875366,General Purpose
MWAK 2257984,General Purpose
NMLN 8359982,General Purpose
LJDH 5438524,Reefer
HGHU 2664465,General Purpose
DUYW 7734568,General Purpose
ZYGJ 7438467,Reefer
XCBE 3296659,Dangerous Goods
CDGR 8663546,General Purpose
KLJV 4569799,Reefer
PVQW 5746372,Reefer
CYCY 8295599,Dangerous Goods
NBEN 6436586,Dangerous Goods
FVWX 7597282,General Purpose
XLYE 6658598,Reefer
NNES 8222524,Dangerous Goods
VUNM 8556686,Dangerous Goods
JUZU 9437649,Dangerous Goods
KEMH 3432983,General Purpose
WLMT 3837682,Reefer
QWZM 5364459,General Purpose
JPTF 4758659,General Purpose
AUEX 7568732,General Purpose
QCNE 6822669,Dangerous Goods
QVUV 3323343,Dangerous Goods
HGEU 9555265,Dangerous Goods
REHG 9469774,Reefer
FRER 4855525,Dangerous Goods
QGKX 9825825,Dangerous Goods
XLHA 3274444,Dangerous Goods
HGMM 5232342,Reefer
WPGJ 5394384,Reefer
TTJU 4486493,General Purpose
PWWR 5864958,Dangerous Goods
YRZP 6257398,Dangerous Goods
QHBP 4323785,Dangerous Goods
RGLV 4329246,Dangerous Goods
QPGV 3396555,Reefer
FTHR 2375398,Dangerous Goods
ZAUS 4352956,Dangerous Goods
VRRV 7248845,General Purpose
VAGR 8423747,Dangerous Goods
SATF 9474839,General Purpose
ZWBU 7565964,Dangerous Goods
QPSE 4947445,General Purpose
MQFS 3658853,Reefer
WMRS 2259238,Reefer
CMDR 6565676,Dangerous Goods
QYFJ 9798568,Reefer
NPTM 6327256,General Purpose
RKZU 5433532,General Purpose
ESPH 8288523,Reefer
RGKQ 4729628,Dangerous Goods
SXVU 3753584,Reefer
NYMG 8845559,Dangerous Goods
EUEE 7264394,General Purpose
XWMX 8485429,General Purpose
JATY 4587495,Dangerous Goods
RBEP 3897536,General Purpose
FTML 6258684,Reefer
RAQK 7897845,Reefer
UWFK 8738875,Reefer
ZBWW 5772488,Dangerous Goods
KMKV 2588264,Reefer
KWAH 4443649,General Purpose
LWJL 2992336,General Purpose
RAEH 2767343,Dangerous Goods
GRNQ 3857548,General Purpose
DUCR 5225948,General Purpose
UUUK 8292672,Reefer
QVAP 5448249,General Purpose
DNKJ 5468496,Reefer
QVEH 4835998,Reefer
QJHD 5489878,Dangerous Goods
EJNS 9986638,Dangerous Goods
ULJE 3288835,Reefer
EJRZ 3957899,General Purpose
LUYW 2887583,General Purpose
RVNU 6784937,Dangerous Goods
VQCQ 4668342,Reefer
CBUF 9596383,Reefer
QUTX 6994359,Dangerous Goods
KSCF 3659864,General Purpose
PYJR 5833983,General Purpose
XDLQ 3523495,General Purpose
BFAH 8374558,Reefer
BJAB 7667794,General Purpose
BTGB 4452666,General Purpose
NKNC 2958385,Reefer
UKMT 5747725,Reefer
CBNW 9277274,Reefer
MAAQ 7642769,Dangerous Goods
MKAY 4236865,General Purpose
BDCH 7355585,Reefer
KXYM 9262556,Dangerous Goods
VJZH 5899425,General Purpose
HVZD 6332349,Reefer
XDMT 5772823,Reefer
QQFE 3367587,Dangerous Goods
XUXA 4696269,General Purpose
ADTG 6244245,Reefer
KGXP 7624875,Reefer
UXHJ 2545459,Dangerous Goods
WLBJ 8535224,Dangerous Goods
XBHB 8525628,Reefer
DXKW 4542699,General Purpose
GSWK 9728297,Dangerous Goods
TMVM 8774873,Dangerous Goods
QLSM 8384952,Dangerous Goods
SRXT 7245569,Reefer
FWZP 5658549,Reefer
NTJN 8337689,General Purpose
SHYJ 5476365,Reefer
XNSG 2687968,Reefer
VQJG 3833332,General Purpose
XKCV 8754595,Reefer
AQFQ 8649425,Dangerous Goods
JCAL 6886924,Dangerous Goods
FMYJ 8485582,Reefer
WMRH 4533463,Dangerous Goods
LKCT 4698387,Reefer
PDGE 7328579,Reefer
MAVQ 6752768,General Purpose
QWVM 3577977,Reefer
XJBB 5535423,Reefer
YQFH 6863372,Reefer
ECSJ 8736967,Dangerous Goods
XELS 5567646,Dangerous Goods
AWEF 8234557,Reefer
UADK 8834387,General Purpose
GFDB 7736424,Dangerous Goods
EBBQ 2293252,Reefer
VLJW 5837425,General Purpose
MUZB 5763953,Dangerous Goods
NZJN 5253884,Reefer
CLYS 3436789,Reefer
CREL 8386938,Dangerous Goods
YDMA 5253346,Dangerous Goods
MTZA 3699873,Reefer
DQTU 8746829,Reefer
GRPR 4235835,Reefer
VCAV 2677779,Dangerous Goods
SRHG 6732777,General Purpose
BHRH 3687763,Reefer
JZYZ 9836397,Reefer
TUFF 9447397,General Purpose
LDVY 4392589,Dangerous Goods
QHYL 9975989,General Purpose
KLPP 6995433,Reefer
DPHJ 7874869,Dangerous Goods
RTZU 8973372,General Purpose
QHJP 4826598,Reefer
FCMA 8754274,General Purpose
LGUT 7692654,Reefer
SXRL 9253697,Reefer
UFSE 8239977,General Purpose
XXRT 3498556,General Purpose
QUSD 9284446,General Purpose
PNQR 2248442,Dangerous Goods
DGWS 8828795,General Purpose
CLWE 5254959,General Purpose
JDYN 4667933,Dangerous Goods
SMEG 3984257,Dangerous Goods
ZGBU 9663773,Dangerous Goods
QHMQ 2556369,General Purpose
CHQS 5693245,General Purpose
BKXX 8744232,General Purpose
HTSY 3422453,General Purpose
ZWSC 3965994,General Purpose
PDVN 6622999,Reefer
FGDW 9974845,Dangerous Goods
ZXTZ 4429559,Dangerous Goods
TZGJ 3587743,Reefer
ZJKQ 3768574,Reefer
NZVY 3386398,General Purpose
NYJV 8342629,General Purpose
BJQA 6669673,Dangerous Goods
HWGX 5523433,General Purpose
WXFV 6335462,Dangerous Goods
FFQV 6332926,Reefer
LNLN 7738558,Dangerous Goods
UDWQ 4872396,Reefer
VNXS 2373897,Dangerous Goods
UAYG 8877893,General Purpose
SGUU 9663283,Dangerous Goods
ZPAN 4398946,Reefer
ZMBB 2267498,General Purpose
NVYJ 9838395,Dangerous Goods
UXAF 6275447,Reefer
BTBS 3796836,Reefer
KGRR 2899595,Reefer
RTYY 4844532,Reefer
SNGE 9568935,Reefer
YLKQ 2588673,Reefer
MKGE 8555964,Dangerous Goods
GCRR 8848225,General Purpose
CUKK 9262563,Dangerous Goods
WDXM 8437784,General Purpose
GJSY 9325972,Dangerous Goods
TYFA 9462296,Reefer
KMFW 2376977,Reefer
HVXQ 5683768,Reefer
FTSQ 6426925,General Purpose
XKLV 9844883,General Purpose
JXSK 8534986,General Purpose
LNLH 2423863,Dangerous Goods
WMRU 8979525,Dangerous Goods
UZAA 5759947,Dangerous Goods
YNJJ 9657857,Dangerous Goods
AQFK 7865399,General Purpose
QEAH 6297564,Dangerous Goods
KMZG 3996777,Dangerous Goods
GNPQ 3957593,General Purpose
VFGY 7647333,General Purpose
CCER 7549379,Reefer
HLFE 9796395,Reefer
QCAF 9537622,General Purpose
VPKC 6496339,General Purpose
AJKE 4282755,Dangerous Goods
SPZV 6865259,General Purpose
ZSVW 7677546,General Purpose
FUEK 5542789,Reefer
UDSJ 7288535,General Purpose
KLFN 3556555,Dangerous Goods
JFPD 7889452,Dangerous Goods
UKPS 8584995,Reefer
ALME 3442759,Reefer
UJJB 3638336,General Purpose
VVGT 2646356,Dangerous Goods
HXUD 6698359,General Purpose
BUZN 5693975,General Purpose
ZJVB 7656438,Reefer
PGNR 9432462,Reefer
MCXW 8445679,General Purpose
WCAV 8949985,Dangerous Goods
UKDT 6659768,General Purpose
LDDM 6479576,General Purpose
UKKM 3254732,Dangerous Goods
MTRM 7339989,Reefer
WJAK 4452443,General Purpose
CKBE 8986476,Dangerous Goods
PNLM 9495487,Reefer
ZQSV 2624769,Reefer
QHYM 7928432,Dangerous Goods
UJSR 3263276,Dangerous Goods
EKVH 9635449,General Purpose
KKDD 3276836,Dangerous Goods
GMAH 6626679,Dangerous Goods
NPYH 9252967,General Purpose
SJHR 5474432,General Purpose
LEEY 9379236,General Purpose
UZZD 3624882,Dangerous Goods
DMTW 4685847,General Purpose
ZTEY 5663736,Dangerous Goods
VESB 8594648,Reefer
RECJ 6258469,Reefer
JTSE 8567566,General Purpose
QTGH 9257865,Dangerous Goods
PRWK 6797797,Dangerous Goods
CDJE 3252343,General Purpose
DVSD 5868464,Dangerous Goods
NTUZ 2836692,General Purpose
AESR 7654692,General Purpose
WBHM 9467248,Reefer
LULK 7892933,Reefer
RPHS 9247447,Dangerous Goods
KNVK 2323256,General Purpose
NRQC 8432552,Dangerous Goods
WWZT 4296234,Dangerous Goods
EZUG 8898955,General Purpose
HLLX 4868446,General Purpose
RKEY 6797394,Dangerous Goods
TRSD 8683886,Dangerous Goods
FAPQ 6774729,General Purpose
NTXC 3259544,General Purpose
YZRN 2562435,Reefer
FXAV 5757276,Reefer
GGXV 6457435,Dangerous Goods
MHRE 5282839,General Purpose
PVES 3387695,General Purpose
RCFC 5998399,General Purpose
UVGL 8444797,Reefer
CACR 5825289,Reefer
KZND 6229856,Reefer
KBSY 2978856,General Purpose
VZAD 6373739,Dangerous Goods
XHAA 3345887,Reefer
GFWJ 5592745,General Purpose
YRFQ 7669847,Reefer
UFLA 6597954,Reefer
EZQS 3886247,General Purpose
YEJT 8735687,General Purpose
QYZG 5984735,Reefer
RTQD 4743829,Dangerous Goods
KJHD 4935227,Reefer
WKEX 9932753,General Purpose
CQMU 6788975,Reefer
HGUG 8568674,Dangerous Goods
BCDB 9428759,Dangerous Goods
DTND 4463275,General Purpose
TGKF 3649465,Reefer
JBXN 8743963,Reefer
VYTN 8347568,Reefer
YDWH 6343493,Reefer
